"Psychiatric.Prognosis","Parole.Adjustment","Major.Violation"
"Unfavorable","Favorable","No Major Violation"
"Unfavorable","Favorable","No Major Violation"
"Unfavorable","Favorable","No Major Violation"
"Unfavorable","Favorable","No Major Violation"
"Unfavorable","Favorable","No Major Violation"
"Unfavorable","Favorable","No Major Violation"
"Unfavorable","Favorable","No Major Violation"
"Unfavorable","Favorable","No Major Violation"
"Unfavorable","Favorable","No Major Violation"
"Unfavorable","Favorable","No Major Violation"
"Unfavorable","Favorable","No Major Violation"
"Unfavorable","Favorable","No Major Violation"
"Unfavorable","Favorable","No Major Violation"
"Unfavorable","Favorable","No Major Violation"
"Unfavorable","Favorable","No Major Violation"
"Unfavorable","Favorable","No Major Violation"
"Unfavorable","Favorable","No Major Violation"
"Unfavorable","Favorable","No Major Violation"
"Unfavorable","Favorable","No Major Violation"
"Unfavorable","Favorable","No Major Violation"
"Unfavorable","Favorable","No Major Violation"
"Unfavorable","Favorable","No Major Violation"
"Unfavorable","Favorable","No Major Violation"
"Unfavorable","Favorable","No Major Violation"
"Unfavorable","Favorable","No Major Violation"
"Unfavorable","Favorable","No Major Violation"
"Unfavorable","Favorable","No Major Violation"
"Unfavorable","Favorable","No Major Violation"
"Unfavorable","Favorable","No Major Violation"
"Unfavorable","Favorable","No Major Violation"
"Unfavorable","Favorable","No Major Violation"
"Unfavorable","Favorable","No Major Violation"
"Unfavorable","Favorable","No Major Violation"
"Unfavorable","Favorable","No Major Violation"
"Unfavorable","Favorable","No Major Violation"
"Unfavorable","Favorable","No Major Violation"
"Unfavorable","Favorable","No Major Violation"
"Unfavorable","Favorable","No Major Violation"
"Unfavorable","Favorable","No Major Violation"
"Unfavorable","Favorable","No Major Violation"
"Unfavorable","Favorable","No Major Violation"
"Unfavorable","Favorable","No Major Violation"
"Unfavorable","Favorable","No Major Violation"
"Unfavorable","Favorable","No Major Violation"
"Unfavorable","Favorable","No Major Violation"
"Unfavorable","Favorable","No Major Violation"
"Unfavorable","Favorable","No Major Violation"
"Unfavorable","Favorable","No Major Violation"
"Unfavorable","Favorable","No Major Violation"
"Unfavorable","Favorable","No Major Violation"
"Unfavorable","Favorable","No Major Violation"
"Unfavorable","Favorable","No Major Violation"
"Unfavorable","Favorable","No Major Violation"
"Unfavorable","Favorable","No Major Violation"
"Unfavorable","Favorable","No Major Violation"
"Unfavorable","Favorable","No Major Violation"
"Unfavorable","Favorable","No Major Violation"
"Unfavorable","Favorable","No Major Violation"
"Unfavorable","Favorable","No Major Violation"
"Unfavorable","Favorable","No Major Violation"
"Unfavorable","Favorable","No Major Violation"
"Unfavorable","Favorable","No Major Violation"
"Unfavorable","Favorable","No Major Violation"
"Unfavorable","Favorable","No Major Violation"
"Unfavorable","Favorable","No Major Violation"
"Unfavorable","Favorable","No Major Violation"
"Unfavorable","Favorable","No Major Violation"
"Unfavorable","Minor Violation","No Major Violation"
"Unfavorable","Minor Violation","No Major Violation"
"Unfavorable","Minor Violation","No Major Violation"
"Unfavorable","Minor Violation","No Major Violation"
"Unfavorable","Minor Violation","No Major Violation"
"Unfavorable","Minor Violation","No Major Violation"
"Unfavorable","Minor Violation","No Major Violation"
"Unfavorable","Minor Violation","No Major Violation"
"Unfavorable","Minor Violation","No Major Violation"
"Unfavorable","Minor Violation","No Major Violation"
"Unfavorable","Minor Violation","No Major Violation"
"Unfavorable","Minor Violation","No Major Violation"
"Unfavorable","Minor Violation","No Major Violation"
"Unfavorable","Minor Violation","No Major Violation"
"Unfavorable","Minor Violation","No Major Violation"
"Unfavorable","Minor Violation","No Major Violation"
"Unfavorable","Minor Violation","No Major Violation"
"Unfavorable","Minor Violation","No Major Violation"
"Unfavorable","Minor Violation","No Major Violation"
"Unfavorable","Minor Violation","No Major Violation"
"Unfavorable","Minor Violation","No Major Violation"
"Unfavorable","Minor Violation","No Major Violation"
"Unfavorable","Minor Violation","No Major Violation"
"Unfavorable","Minor Violation","No Major Violation"
"Unfavorable","Minor Violation","No Major Violation"
"Unfavorable","Minor Violation","No Major Violation"
"Unfavorable","Minor Violation","No Major Violation"
"Unfavorable","Minor Violation","No Major Violation"
"Unfavorable","Minor Violation","No Major Violation"
"Unfavorable","Minor Violation","No Major Violation"
"Unfavorable","Minor Violation","No Major Violation"
"Unfavorable","Minor Violation","No Major Violation"
"Unfavorable","Minor Violation","No Major Violation"
"Unfavorable","Minor Violation","No Major Violation"
"Unfavorable","Minor Violation","No Major Violation"
"Unfavorable","Minor Violation","No Major Violation"
"Unfavorable","Minor Violation","No Major Violation"
"Unfavorable","Minor Violation","No Major Violation"
"Unfavorable","Minor Violation","No Major Violation"
"Unfavorable","Minor Violation","No Major Violation"
"Unfavorable","Minor Violation","No Major Violation"
"Unfavorable","Minor Violation","No Major Violation"
"Unfavorable","Minor Violation","No Major Violation"
"Unfavorable","Minor Violation","No Major Violation"
"Unfavorable","Minor Violation","No Major Violation"
"Unfavorable","Minor Violation","No Major Violation"
"Unfavorable","Minor Violation","No Major Violation"
"Unfavorable","Minor Violation","No Major Violation"
"Unfavorable","Minor Violation","No Major Violation"
"Unfavorable","Minor Violation","No Major Violation"
"Unfavorable","Minor Violation","No Major Violation"
"Unfavorable","Minor Violation","No Major Violation"
"Unfavorable","Minor Violation","No Major Violation"
"Unfavorable","Minor Violation","No Major Violation"
"Unfavorable","Minor Violation","No Major Violation"
"Unfavorable","Minor Violation","No Major Violation"
"Unfavorable","Minor Violation","No Major Violation"
"Unfavorable","Minor Violation","No Major Violation"
"Unfavorable","Minor Violation","No Major Violation"
"Unfavorable","Minor Violation","No Major Violation"
"Unfavorable","Minor Violation","No Major Violation"
"Unfavorable","Minor Violation","No Major Violation"
"Unfavorable","Minor Violation","No Major Violation"
"Unfavorable","Minor Violation","No Major Violation"
"Unfavorable","Minor Violation","No Major Violation"
"Unfavorable","Minor Violation","No Major Violation"
"Unfavorable","Minor Violation","No Major Violation"
"Unfavorable","Minor Violation","No Major Violation"
"Unfavorable","Minor Violation","No Major Violation"
"Unfavorable","Minor Violation","No Major Violation"
"Unfavorable","Minor Violation","No Major Violation"
"Unfavorable","Minor Violation","No Major Violation"
"Unfavorable","Minor Violation","No Major Violation"
"Unfavorable","Minor Violation","No Major Violation"
"Unfavorable","Minor Violation","No Major Violation"
"Unfavorable","Minor Violation","No Major Violation"
"Unfavorable","Minor Violation","No Major Violation"
"Unfavorable","Minor Violation","No Major Violation"
"Unfavorable","Minor Violation","No Major Violation"
"Unfavorable","Minor Violation","No Major Violation"
"Unfavorable","Minor Violation","No Major Violation"
"Unfavorable","Minor Violation","No Major Violation"
"Unfavorable","Minor Violation","No Major Violation"
"Unfavorable","Minor Violation","No Major Violation"
"Unfavorable","Minor Violation","No Major Violation"
"Unfavorable","Minor Violation","No Major Violation"
"Unfavorable","Minor Violation","No Major Violation"
"Unfavorable","Minor Violation","No Major Violation"
"Unfavorable","Minor Violation","No Major Violation"
"Unfavorable","Minor Violation","No Major Violation"
"Unfavorable","Minor Violation","No Major Violation"
"Unfavorable","Minor Violation","No Major Violation"
"Unfavorable","Minor Violation","No Major Violation"
"Unfavorable","Minor Violation","No Major Violation"
"Unfavorable","Minor Violation","No Major Violation"
"Unfavorable","Minor Violation","No Major Violation"
"Unfavorable","Minor Violation","No Major Violation"
"Unfavorable","Minor Violation","No Major Violation"
"Unfavorable","Minor Violation","No Major Violation"
"Unfavorable","Minor Violation","No Major Violation"
"Unfavorable","Minor Violation","No Major Violation"
"Unfavorable","Major Violation","Major Violation"
"Unfavorable","Major Violation","Major Violation"
"Unfavorable","Major Violation","Major Violation"
"Unfavorable","Major Violation","Major Violation"
"Unfavorable","Major Violation","Major Violation"
"Unfavorable","Major Violation","Major Violation"
"Unfavorable","Major Violation","Major Violation"
"Unfavorable","Major Violation","Major Violation"
"Unfavorable","Major Violation","Major Violation"
"Unfavorable","Major Violation","Major Violation"
"Unfavorable","Major Violation","Major Violation"
"Unfavorable","Major Violation","Major Violation"
"Unfavorable","Major Violation","Major Violation"
"Unfavorable","Major Violation","Major Violation"
"Unfavorable","Major Violation","Major Violation"
"Unfavorable","Major Violation","Major Violation"
"Unfavorable","Major Violation","Major Violation"
"Unfavorable","Major Violation","Major Violation"
"Unfavorable","Major Violation","Major Violation"
"Unfavorable","Major Violation","Major Violation"
"Unfavorable","Major Violation","Major Violation"
"Unfavorable","Major Violation","Major Violation"
"Unfavorable","Major Violation","Major Violation"
"Unfavorable","Major Violation","Major Violation"
"Unfavorable","Major Violation","Major Violation"
"Unfavorable","Major Violation","Major Violation"
"Unfavorable","Major Violation","Major Violation"
"Unfavorable","Major Violation","Major Violation"
"Unfavorable","Major Violation","Major Violation"
"Unfavorable","Major Violation","Major Violation"
"Unfavorable","Major Violation","Major Violation"
"Unfavorable","Major Violation","Major Violation"
"Unfavorable","Major Violation","Major Violation"
"Unfavorable","Major Violation","Major Violation"
"Unfavorable","Major Violation","Major Violation"
"Unfavorable","Major Violation","Major Violation"
"Unfavorable","Major Violation","Major Violation"
"Unfavorable","Major Violation","Major Violation"
"Unfavorable","Major Violation","Major Violation"
"Unfavorable","Major Violation","Major Violation"
"Unfavorable","Major Violation","Major Violation"
"Unfavorable","Major Violation","Major Violation"
"Unfavorable","Major Violation","Major Violation"
"Unfavorable","Major Violation","Major Violation"
"Unfavorable","Major Violation","Major Violation"
"Unfavorable","Major Violation","Major Violation"
"Unfavorable","Major Violation","Major Violation"
"Unfavorable","Major Violation","Major Violation"
"Unfavorable","Major Violation","Major Violation"
"Unfavorable","Major Violation","Major Violation"
"Unfavorable","Major Violation","Major Violation"
"Unfavorable","Major Violation","Major Violation"
"Unfavorable","Major Violation","Major Violation"
"Unfavorable","Major Violation","Major Violation"
"Unfavorable","Major Violation","Major Violation"
"Unfavorable","Major Violation","Major Violation"
"Unfavorable","Major Violation","Major Violation"
"Unfavorable","Major Violation","Major Violation"
"Unfavorable","Major Violation","Major Violation"
"Unfavorable","Major Violation","Major Violation"
"Unfavorable","Major Violation","Major Violation"
"Unfavorable","Major Violation","Major Violation"
"Unfavorable","Major Violation","Major Violation"
"Unfavorable","Major Violation","Major Violation"
"Unfavorable","Major Violation","Major Violation"
"Unfavorable","Major Violation","Major Violation"
"Unfavorable","Major Violation","Major Violation"
"Unfavorable","Major Violation","Major Violation"
"Unfavorable","Major Violation","Major Violation"
"Unfavorable","Major Violation","Major Violation"
"Unfavorable","Major Violation","Major Violation"
"Unfavorable","Major Violation","Major Violation"
"Unfavorable","Major Violation","Major Violation"
"Unfavorable","Major Violation","Major Violation"
"Unfavorable","Major Violation","Major Violation"
"Unfavorable","Major Violation","Major Violation"
"Unfavorable","Major Violation","Major Violation"
"Unfavorable","Major Violation","Major Violation"
"Unfavorable","Major Violation","Major Violation"
"Unfavorable","Major Violation","Major Violation"
"Unfavorable","Major Violation","Major Violation"
"Unfavorable","Major Violation","Major Violation"
"Unfavorable","Major Violation","Major Violation"
"Unfavorable","Major Violation","Major Violation"
"Doubtful","Favorable","No Major Violation"
"Doubtful","Favorable","No Major Violation"
"Doubtful","Favorable","No Major Violation"
"Doubtful","Favorable","No Major Violation"
"Doubtful","Favorable","No Major Violation"
"Doubtful","Favorable","No Major Violation"
"Doubtful","Favorable","No Major Violation"
"Doubtful","Favorable","No Major Violation"
"Doubtful","Favorable","No Major Violation"
"Doubtful","Favorable","No Major Violation"
"Doubtful","Favorable","No Major Violation"
"Doubtful","Favorable","No Major Violation"
"Doubtful","Favorable","No Major Violation"
"Doubtful","Favorable","No Major Violation"
"Doubtful","Favorable","No Major Violation"
"Doubtful","Favorable","No Major Violation"
"Doubtful","Favorable","No Major Violation"
"Doubtful","Favorable","No Major Violation"
"Doubtful","Favorable","No Major Violation"
"Doubtful","Favorable","No Major Violation"
"Doubtful","Favorable","No Major Violation"
"Doubtful","Favorable","No Major Violation"
"Doubtful","Favorable","No Major Violation"
"Doubtful","Favorable","No Major Violation"
"Doubtful","Favorable","No Major Violation"
"Doubtful","Favorable","No Major Violation"
"Doubtful","Favorable","No Major Violation"
"Doubtful","Favorable","No Major Violation"
"Doubtful","Favorable","No Major Violation"
"Doubtful","Favorable","No Major Violation"
"Doubtful","Favorable","No Major Violation"
"Doubtful","Favorable","No Major Violation"
"Doubtful","Favorable","No Major Violation"
"Doubtful","Favorable","No Major Violation"
"Doubtful","Favorable","No Major Violation"
"Doubtful","Favorable","No Major Violation"
"Doubtful","Favorable","No Major Violation"
"Doubtful","Favorable","No Major Violation"
"Doubtful","Favorable","No Major Violation"
"Doubtful","Favorable","No Major Violation"
"Doubtful","Favorable","No Major Violation"
"Doubtful","Favorable","No Major Violation"
"Doubtful","Favorable","No Major Violation"
"Doubtful","Favorable","No Major Violation"
"Doubtful","Favorable","No Major Violation"
"Doubtful","Favorable","No Major Violation"
"Doubtful","Favorable","No Major Violation"
"Doubtful","Favorable","No Major Violation"
"Doubtful","Favorable","No Major Violation"
"Doubtful","Favorable","No Major Violation"
"Doubtful","Favorable","No Major Violation"
"Doubtful","Favorable","No Major Violation"
"Doubtful","Favorable","No Major Violation"
"Doubtful","Favorable","No Major Violation"
"Doubtful","Favorable","No Major Violation"
"Doubtful","Favorable","No Major Violation"
"Doubtful","Favorable","No Major Violation"
"Doubtful","Favorable","No Major Violation"
"Doubtful","Favorable","No Major Violation"
"Doubtful","Favorable","No Major Violation"
"Doubtful","Favorable","No Major Violation"
"Doubtful","Favorable","No Major Violation"
"Doubtful","Favorable","No Major Violation"
"Doubtful","Favorable","No Major Violation"
"Doubtful","Favorable","No Major Violation"
"Doubtful","Favorable","No Major Violation"
"Doubtful","Favorable","No Major Violation"
"Doubtful","Favorable","No Major Violation"
"Doubtful","Favorable","No Major Violation"
"Doubtful","Favorable","No Major Violation"
"Doubtful","Favorable","No Major Violation"
"Doubtful","Favorable","No Major Violation"
"Doubtful","Favorable","No Major Violation"
"Doubtful","Favorable","No Major Violation"
"Doubtful","Favorable","No Major Violation"
"Doubtful","Favorable","No Major Violation"
"Doubtful","Favorable","No Major Violation"
"Doubtful","Favorable","No Major Violation"
"Doubtful","Favorable","No Major Violation"
"Doubtful","Favorable","No Major Violation"
"Doubtful","Favorable","No Major Violation"
"Doubtful","Favorable","No Major Violation"
"Doubtful","Favorable","No Major Violation"
"Doubtful","Favorable","No Major Violation"
"Doubtful","Favorable","No Major Violation"
"Doubtful","Favorable","No Major Violation"
"Doubtful","Favorable","No Major Violation"
"Doubtful","Favorable","No Major Violation"
"Doubtful","Favorable","No Major Violation"
"Doubtful","Favorable","No Major Violation"
"Doubtful","Favorable","No Major Violation"
"Doubtful","Favorable","No Major Violation"
"Doubtful","Favorable","No Major Violation"
"Doubtful","Favorable","No Major Violation"
"Doubtful","Favorable","No Major Violation"
"Doubtful","Favorable","No Major Violation"
"Doubtful","Favorable","No Major Violation"
"Doubtful","Favorable","No Major Violation"
"Doubtful","Favorable","No Major Violation"
"Doubtful","Favorable","No Major Violation"
"Doubtful","Favorable","No Major Violation"
"Doubtful","Favorable","No Major Violation"
"Doubtful","Favorable","No Major Violation"
"Doubtful","Favorable","No Major Violation"
"Doubtful","Favorable","No Major Violation"
"Doubtful","Favorable","No Major Violation"
"Doubtful","Favorable","No Major Violation"
"Doubtful","Favorable","No Major Violation"
"Doubtful","Favorable","No Major Violation"
"Doubtful","Favorable","No Major Violation"
"Doubtful","Favorable","No Major Violation"
"Doubtful","Favorable","No Major Violation"
"Doubtful","Favorable","No Major Violation"
"Doubtful","Favorable","No Major Violation"
"Doubtful","Favorable","No Major Violation"
"Doubtful","Favorable","No Major Violation"
"Doubtful","Favorable","No Major Violation"
"Doubtful","Favorable","No Major Violation"
"Doubtful","Favorable","No Major Violation"
"Doubtful","Favorable","No Major Violation"
"Doubtful","Favorable","No Major Violation"
"Doubtful","Favorable","No Major Violation"
"Doubtful","Favorable","No Major Violation"
"Doubtful","Favorable","No Major Violation"
"Doubtful","Favorable","No Major Violation"
"Doubtful","Favorable","No Major Violation"
"Doubtful","Favorable","No Major Violation"
"Doubtful","Favorable","No Major Violation"
"Doubtful","Favorable","No Major Violation"
"Doubtful","Favorable","No Major Violation"
"Doubtful","Favorable","No Major Violation"
"Doubtful","Favorable","No Major Violation"
"Doubtful","Favorable","No Major Violation"
"Doubtful","Favorable","No Major Violation"
"Doubtful","Favorable","No Major Violation"
"Doubtful","Favorable","No Major Violation"
"Doubtful","Favorable","No Major Violation"
"Doubtful","Favorable","No Major Violation"
"Doubtful","Favorable","No Major Violation"
"Doubtful","Favorable","No Major Violation"
"Doubtful","Favorable","No Major Violation"
"Doubtful","Favorable","No Major Violation"
"Doubtful","Favorable","No Major Violation"
"Doubtful","Favorable","No Major Violation"
"Doubtful","Favorable","No Major Violation"
"Doubtful","Favorable","No Major Violation"
"Doubtful","Favorable","No Major Violation"
"Doubtful","Favorable","No Major Violation"
"Doubtful","Favorable","No Major Violation"
"Doubtful","Favorable","No Major Violation"
"Doubtful","Favorable","No Major Violation"
"Doubtful","Favorable","No Major Violation"
"Doubtful","Favorable","No Major Violation"
"Doubtful","Favorable","No Major Violation"
"Doubtful","Favorable","No Major Violation"
"Doubtful","Favorable","No Major Violation"
"Doubtful","Favorable","No Major Violation"
"Doubtful","Favorable","No Major Violation"
"Doubtful","Favorable","No Major Violation"
"Doubtful","Favorable","No Major Violation"
"Doubtful","Favorable","No Major Violation"
"Doubtful","Favorable","No Major Violation"
"Doubtful","Favorable","No Major Violation"
"Doubtful","Favorable","No Major Violation"
"Doubtful","Favorable","No Major Violation"
"Doubtful","Favorable","No Major Violation"
"Doubtful","Favorable","No Major Violation"
"Doubtful","Favorable","No Major Violation"
"Doubtful","Favorable","No Major Violation"
"Doubtful","Favorable","No Major Violation"
"Doubtful","Favorable","No Major Violation"
"Doubtful","Favorable","No Major Violation"
"Doubtful","Favorable","No Major Violation"
"Doubtful","Favorable","No Major Violation"
"Doubtful","Favorable","No Major Violation"
"Doubtful","Favorable","No Major Violation"
"Doubtful","Favorable","No Major Violation"
"Doubtful","Favorable","No Major Violation"
"Doubtful","Favorable","No Major Violation"
"Doubtful","Favorable","No Major Violation"
"Doubtful","Favorable","No Major Violation"
"Doubtful","Favorable","No Major Violation"
"Doubtful","Favorable","No Major Violation"
"Doubtful","Favorable","No Major Violation"
"Doubtful","Favorable","No Major Violation"
"Doubtful","Favorable","No Major Violation"
"Doubtful","Favorable","No Major Violation"
"Doubtful","Favorable","No Major Violation"
"Doubtful","Favorable","No Major Violation"
"Doubtful","Favorable","No Major Violation"
"Doubtful","Favorable","No Major Violation"
"Doubtful","Favorable","No Major Violation"
"Doubtful","Favorable","No Major Violation"
"Doubtful","Favorable","No Major Violation"
"Doubtful","Favorable","No Major Violation"
"Doubtful","Favorable","No Major Violation"
"Doubtful","Favorable","No Major Violation"
"Doubtful","Favorable","No Major Violation"
"Doubtful","Favorable","No Major Violation"
"Doubtful","Favorable","No Major Violation"
"Doubtful","Favorable","No Major Violation"
"Doubtful","Favorable","No Major Violation"
"Doubtful","Favorable","No Major Violation"
"Doubtful","Favorable","No Major Violation"
"Doubtful","Favorable","No Major Violation"
"Doubtful","Favorable","No Major Violation"
"Doubtful","Favorable","No Major Violation"
"Doubtful","Favorable","No Major Violation"
"Doubtful","Favorable","No Major Violation"
"Doubtful","Favorable","No Major Violation"
"Doubtful","Favorable","No Major Violation"
"Doubtful","Favorable","No Major Violation"
"Doubtful","Favorable","No Major Violation"
"Doubtful","Favorable","No Major Violation"
"Doubtful","Favorable","No Major Violation"
"Doubtful","Favorable","No Major Violation"
"Doubtful","Favorable","No Major Violation"
"Doubtful","Favorable","No Major Violation"
"Doubtful","Favorable","No Major Violation"
"Doubtful","Favorable","No Major Violation"
"Doubtful","Favorable","No Major Violation"
"Doubtful","Favorable","No Major Violation"
"Doubtful","Favorable","No Major Violation"
"Doubtful","Favorable","No Major Violation"
"Doubtful","Favorable","No Major Violation"
"Doubtful","Favorable","No Major Violation"
"Doubtful","Favorable","No Major Violation"
"Doubtful","Favorable","No Major Violation"
"Doubtful","Favorable","No Major Violation"
"Doubtful","Favorable","No Major Violation"
"Doubtful","Favorable","No Major Violation"
"Doubtful","Favorable","No Major Violation"
"Doubtful","Favorable","No Major Violation"
"Doubtful","Favorable","No Major Violation"
"Doubtful","Favorable","No Major Violation"
"Doubtful","Favorable","No Major Violation"
"Doubtful","Favorable","No Major Violation"
"Doubtful","Favorable","No Major Violation"
"Doubtful","Favorable","No Major Violation"
"Doubtful","Favorable","No Major Violation"
"Doubtful","Favorable","No Major Violation"
"Doubtful","Favorable","No Major Violation"
"Doubtful","Favorable","No Major Violation"
"Doubtful","Favorable","No Major Violation"
"Doubtful","Favorable","No Major Violation"
"Doubtful","Favorable","No Major Violation"
"Doubtful","Favorable","No Major Violation"
"Doubtful","Favorable","No Major Violation"
"Doubtful","Favorable","No Major Violation"
"Doubtful","Favorable","No Major Violation"
"Doubtful","Favorable","No Major Violation"
"Doubtful","Favorable","No Major Violation"
"Doubtful","Favorable","No Major Violation"
"Doubtful","Favorable","No Major Violation"
"Doubtful","Favorable","No Major Violation"
"Doubtful","Favorable","No Major Violation"
"Doubtful","Favorable","No Major Violation"
"Doubtful","Favorable","No Major Violation"
"Doubtful","Favorable","No Major Violation"
"Doubtful","Favorable","No Major Violation"
"Doubtful","Favorable","No Major Violation"
"Doubtful","Favorable","No Major Violation"
"Doubtful","Favorable","No Major Violation"
"Doubtful","Favorable","No Major Violation"
"Doubtful","Favorable","No Major Violation"
"Doubtful","Favorable","No Major Violation"
"Doubtful","Favorable","No Major Violation"
"Doubtful","Favorable","No Major Violation"
"Doubtful","Favorable","No Major Violation"
"Doubtful","Favorable","No Major Violation"
"Doubtful","Favorable","No Major Violation"
"Doubtful","Favorable","No Major Violation"
"Doubtful","Favorable","No Major Violation"
"Doubtful","Favorable","No Major Violation"
"Doubtful","Favorable","No Major Violation"
"Doubtful","Favorable","No Major Violation"
"Doubtful","Favorable","No Major Violation"
"Doubtful","Favorable","No Major Violation"
"Doubtful","Favorable","No Major Violation"
"Doubtful","Favorable","No Major Violation"
"Doubtful","Favorable","No Major Violation"
"Doubtful","Favorable","No Major Violation"
"Doubtful","Favorable","No Major Violation"
"Doubtful","Favorable","No Major Violation"
"Doubtful","Favorable","No Major Violation"
"Doubtful","Favorable","No Major Violation"
"Doubtful","Favorable","No Major Violation"
"Doubtful","Favorable","No Major Violation"
"Doubtful","Favorable","No Major Violation"
"Doubtful","Favorable","No Major Violation"
"Doubtful","Favorable","No Major Violation"
"Doubtful","Favorable","No Major Violation"
"Doubtful","Favorable","No Major Violation"
"Doubtful","Favorable","No Major Violation"
"Doubtful","Favorable","No Major Violation"
"Doubtful","Favorable","No Major Violation"
"Doubtful","Favorable","No Major Violation"
"Doubtful","Favorable","No Major Violation"
"Doubtful","Favorable","No Major Violation"
"Doubtful","Favorable","No Major Violation"
"Doubtful","Favorable","No Major Violation"
"Doubtful","Favorable","No Major Violation"
"Doubtful","Favorable","No Major Violation"
"Doubtful","Favorable","No Major Violation"
"Doubtful","Favorable","No Major Violation"
"Doubtful","Favorable","No Major Violation"
"Doubtful","Favorable","No Major Violation"
"Doubtful","Favorable","No Major Violation"
"Doubtful","Favorable","No Major Violation"
"Doubtful","Favorable","No Major Violation"
"Doubtful","Favorable","No Major Violation"
"Doubtful","Favorable","No Major Violation"
"Doubtful","Favorable","No Major Violation"
"Doubtful","Favorable","No Major Violation"
"Doubtful","Favorable","No Major Violation"
"Doubtful","Favorable","No Major Violation"
"Doubtful","Favorable","No Major Violation"
"Doubtful","Favorable","No Major Violation"
"Doubtful","Favorable","No Major Violation"
"Doubtful","Favorable","No Major Violation"
"Doubtful","Favorable","No Major Violation"
"Doubtful","Favorable","No Major Violation"
"Doubtful","Favorable","No Major Violation"
"Doubtful","Favorable","No Major Violation"
"Doubtful","Favorable","No Major Violation"
"Doubtful","Favorable","No Major Violation"
"Doubtful","Favorable","No Major Violation"
"Doubtful","Favorable","No Major Violation"
"Doubtful","Favorable","No Major Violation"
"Doubtful","Favorable","No Major Violation"
"Doubtful","Favorable","No Major Violation"
"Doubtful","Favorable","No Major Violation"
"Doubtful","Favorable","No Major Violation"
"Doubtful","Favorable","No Major Violation"
"Doubtful","Favorable","No Major Violation"
"Doubtful","Favorable","No Major Violation"
"Doubtful","Favorable","No Major Violation"
"Doubtful","Favorable","No Major Violation"
"Doubtful","Favorable","No Major Violation"
"Doubtful","Favorable","No Major Violation"
"Doubtful","Favorable","No Major Violation"
"Doubtful","Favorable","No Major Violation"
"Doubtful","Favorable","No Major Violation"
"Doubtful","Favorable","No Major Violation"
"Doubtful","Favorable","No Major Violation"
"Doubtful","Favorable","No Major Violation"
"Doubtful","Favorable","No Major Violation"
"Doubtful","Favorable","No Major Violation"
"Doubtful","Favorable","No Major Violation"
"Doubtful","Favorable","No Major Violation"
"Doubtful","Favorable","No Major Violation"
"Doubtful","Favorable","No Major Violation"
"Doubtful","Favorable","No Major Violation"
"Doubtful","Favorable","No Major Violation"
"Doubtful","Favorable","No Major Violation"
"Doubtful","Favorable","No Major Violation"
"Doubtful","Favorable","No Major Violation"
"Doubtful","Favorable","No Major Violation"
"Doubtful","Favorable","No Major Violation"
"Doubtful","Favorable","No Major Violation"
"Doubtful","Favorable","No Major Violation"
"Doubtful","Favorable","No Major Violation"
"Doubtful","Favorable","No Major Violation"
"Doubtful","Favorable","No Major Violation"
"Doubtful","Favorable","No Major Violation"
"Doubtful","Favorable","No Major Violation"
"Doubtful","Favorable","No Major Violation"
"Doubtful","Favorable","No Major Violation"
"Doubtful","Favorable","No Major Violation"
"Doubtful","Favorable","No Major Violation"
"Doubtful","Favorable","No Major Violation"
"Doubtful","Favorable","No Major Violation"
"Doubtful","Favorable","No Major Violation"
"Doubtful","Favorable","No Major Violation"
"Doubtful","Favorable","No Major Violation"
"Doubtful","Favorable","No Major Violation"
"Doubtful","Favorable","No Major Violation"
"Doubtful","Favorable","No Major Violation"
"Doubtful","Favorable","No Major Violation"
"Doubtful","Favorable","No Major Violation"
"Doubtful","Favorable","No Major Violation"
"Doubtful","Favorable","No Major Violation"
"Doubtful","Favorable","No Major Violation"
"Doubtful","Favorable","No Major Violation"
"Doubtful","Favorable","No Major Violation"
"Doubtful","Favorable","No Major Violation"
"Doubtful","Favorable","No Major Violation"
"Doubtful","Favorable","No Major Violation"
"Doubtful","Favorable","No Major Violation"
"Doubtful","Favorable","No Major Violation"
"Doubtful","Favorable","No Major Violation"
"Doubtful","Favorable","No Major Violation"
"Doubtful","Favorable","No Major Violation"
"Doubtful","Favorable","No Major Violation"
"Doubtful","Favorable","No Major Violation"
"Doubtful","Favorable","No Major Violation"
"Doubtful","Favorable","No Major Violation"
"Doubtful","Favorable","No Major Violation"
"Doubtful","Favorable","No Major Violation"
"Doubtful","Favorable","No Major Violation"
"Doubtful","Favorable","No Major Violation"
"Doubtful","Favorable","No Major Violation"
"Doubtful","Favorable","No Major Violation"
"Doubtful","Favorable","No Major Violation"
"Doubtful","Favorable","No Major Violation"
"Doubtful","Favorable","No Major Violation"
"Doubtful","Favorable","No Major Violation"
"Doubtful","Favorable","No Major Violation"
"Doubtful","Favorable","No Major Violation"
"Doubtful","Favorable","No Major Violation"
"Doubtful","Minor Violation","No Major Violation"
"Doubtful","Minor Violation","No Major Violation"
"Doubtful","Minor Violation","No Major Violation"
"Doubtful","Minor Violation","No Major Violation"
"Doubtful","Minor Violation","No Major Violation"
"Doubtful","Minor Violation","No Major Violation"
"Doubtful","Minor Violation","No Major Violation"
"Doubtful","Minor Violation","No Major Violation"
"Doubtful","Minor Violation","No Major Violation"
"Doubtful","Minor Violation","No Major Violation"
"Doubtful","Minor Violation","No Major Violation"
"Doubtful","Minor Violation","No Major Violation"
"Doubtful","Minor Violation","No Major Violation"
"Doubtful","Minor Violation","No Major Violation"
"Doubtful","Minor Violation","No Major Violation"
"Doubtful","Minor Violation","No Major Violation"
"Doubtful","Minor Violation","No Major Violation"
"Doubtful","Minor Violation","No Major Violation"
"Doubtful","Minor Violation","No Major Violation"
"Doubtful","Minor Violation","No Major Violation"
"Doubtful","Minor Violation","No Major Violation"
"Doubtful","Minor Violation","No Major Violation"
"Doubtful","Minor Violation","No Major Violation"
"Doubtful","Minor Violation","No Major Violation"
"Doubtful","Minor Violation","No Major Violation"
"Doubtful","Minor Violation","No Major Violation"
"Doubtful","Minor Violation","No Major Violation"
"Doubtful","Minor Violation","No Major Violation"
"Doubtful","Minor Violation","No Major Violation"
"Doubtful","Minor Violation","No Major Violation"
"Doubtful","Minor Violation","No Major Violation"
"Doubtful","Minor Violation","No Major Violation"
"Doubtful","Minor Violation","No Major Violation"
"Doubtful","Minor Violation","No Major Violation"
"Doubtful","Minor Violation","No Major Violation"
"Doubtful","Minor Violation","No Major Violation"
"Doubtful","Minor Violation","No Major Violation"
"Doubtful","Minor Violation","No Major Violation"
"Doubtful","Minor Violation","No Major Violation"
"Doubtful","Minor Violation","No Major Violation"
"Doubtful","Minor Violation","No Major Violation"
"Doubtful","Minor Violation","No Major Violation"
"Doubtful","Minor Violation","No Major Violation"
"Doubtful","Minor Violation","No Major Violation"
"Doubtful","Minor Violation","No Major Violation"
"Doubtful","Minor Violation","No Major Violation"
"Doubtful","Minor Violation","No Major Violation"
"Doubtful","Minor Violation","No Major Violation"
"Doubtful","Minor Violation","No Major Violation"
"Doubtful","Minor Violation","No Major Violation"
"Doubtful","Minor Violation","No Major Violation"
"Doubtful","Minor Violation","No Major Violation"
"Doubtful","Minor Violation","No Major Violation"
"Doubtful","Minor Violation","No Major Violation"
"Doubtful","Minor Violation","No Major Violation"
"Doubtful","Minor Violation","No Major Violation"
"Doubtful","Minor Violation","No Major Violation"
"Doubtful","Minor Violation","No Major Violation"
"Doubtful","Minor Violation","No Major Violation"
"Doubtful","Minor Violation","No Major Violation"
"Doubtful","Minor Violation","No Major Violation"
"Doubtful","Minor Violation","No Major Violation"
"Doubtful","Minor Violation","No Major Violation"
"Doubtful","Minor Violation","No Major Violation"
"Doubtful","Minor Violation","No Major Violation"
"Doubtful","Minor Violation","No Major Violation"
"Doubtful","Minor Violation","No Major Violation"
"Doubtful","Minor Violation","No Major Violation"
"Doubtful","Minor Violation","No Major Violation"
"Doubtful","Minor Violation","No Major Violation"
"Doubtful","Minor Violation","No Major Violation"
"Doubtful","Minor Violation","No Major Violation"
"Doubtful","Minor Violation","No Major Violation"
"Doubtful","Minor Violation","No Major Violation"
"Doubtful","Minor Violation","No Major Violation"
"Doubtful","Minor Violation","No Major Violation"
"Doubtful","Minor Violation","No Major Violation"
"Doubtful","Minor Violation","No Major Violation"
"Doubtful","Minor Violation","No Major Violation"
"Doubtful","Minor Violation","No Major Violation"
"Doubtful","Minor Violation","No Major Violation"
"Doubtful","Minor Violation","No Major Violation"
"Doubtful","Minor Violation","No Major Violation"
"Doubtful","Minor Violation","No Major Violation"
"Doubtful","Minor Violation","No Major Violation"
"Doubtful","Minor Violation","No Major Violation"
"Doubtful","Minor Violation","No Major Violation"
"Doubtful","Minor Violation","No Major Violation"
"Doubtful","Minor Violation","No Major Violation"
"Doubtful","Minor Violation","No Major Violation"
"Doubtful","Minor Violation","No Major Violation"
"Doubtful","Minor Violation","No Major Violation"
"Doubtful","Minor Violation","No Major Violation"
"Doubtful","Minor Violation","No Major Violation"
"Doubtful","Minor Violation","No Major Violation"
"Doubtful","Minor Violation","No Major Violation"
"Doubtful","Minor Violation","No Major Violation"
"Doubtful","Minor Violation","No Major Violation"
"Doubtful","Minor Violation","No Major Violation"
"Doubtful","Minor Violation","No Major Violation"
"Doubtful","Minor Violation","No Major Violation"
"Doubtful","Minor Violation","No Major Violation"
"Doubtful","Minor Violation","No Major Violation"
"Doubtful","Minor Violation","No Major Violation"
"Doubtful","Minor Violation","No Major Violation"
"Doubtful","Minor Violation","No Major Violation"
"Doubtful","Minor Violation","No Major Violation"
"Doubtful","Minor Violation","No Major Violation"
"Doubtful","Minor Violation","No Major Violation"
"Doubtful","Minor Violation","No Major Violation"
"Doubtful","Minor Violation","No Major Violation"
"Doubtful","Minor Violation","No Major Violation"
"Doubtful","Minor Violation","No Major Violation"
"Doubtful","Minor Violation","No Major Violation"
"Doubtful","Minor Violation","No Major Violation"
"Doubtful","Minor Violation","No Major Violation"
"Doubtful","Minor Violation","No Major Violation"
"Doubtful","Minor Violation","No Major Violation"
"Doubtful","Minor Violation","No Major Violation"
"Doubtful","Minor Violation","No Major Violation"
"Doubtful","Minor Violation","No Major Violation"
"Doubtful","Minor Violation","No Major Violation"
"Doubtful","Minor Violation","No Major Violation"
"Doubtful","Minor Violation","No Major Violation"
"Doubtful","Minor Violation","No Major Violation"
"Doubtful","Minor Violation","No Major Violation"
"Doubtful","Minor Violation","No Major Violation"
"Doubtful","Minor Violation","No Major Violation"
"Doubtful","Minor Violation","No Major Violation"
"Doubtful","Minor Violation","No Major Violation"
"Doubtful","Minor Violation","No Major Violation"
"Doubtful","Minor Violation","No Major Violation"
"Doubtful","Minor Violation","No Major Violation"
"Doubtful","Minor Violation","No Major Violation"
"Doubtful","Minor Violation","No Major Violation"
"Doubtful","Minor Violation","No Major Violation"
"Doubtful","Minor Violation","No Major Violation"
"Doubtful","Minor Violation","No Major Violation"
"Doubtful","Minor Violation","No Major Violation"
"Doubtful","Minor Violation","No Major Violation"
"Doubtful","Minor Violation","No Major Violation"
"Doubtful","Minor Violation","No Major Violation"
"Doubtful","Minor Violation","No Major Violation"
"Doubtful","Minor Violation","No Major Violation"
"Doubtful","Minor Violation","No Major Violation"
"Doubtful","Minor Violation","No Major Violation"
"Doubtful","Minor Violation","No Major Violation"
"Doubtful","Minor Violation","No Major Violation"
"Doubtful","Minor Violation","No Major Violation"
"Doubtful","Minor Violation","No Major Violation"
"Doubtful","Minor Violation","No Major Violation"
"Doubtful","Minor Violation","No Major Violation"
"Doubtful","Minor Violation","No Major Violation"
"Doubtful","Minor Violation","No Major Violation"
"Doubtful","Minor Violation","No Major Violation"
"Doubtful","Minor Violation","No Major Violation"
"Doubtful","Minor Violation","No Major Violation"
"Doubtful","Minor Violation","No Major Violation"
"Doubtful","Minor Violation","No Major Violation"
"Doubtful","Minor Violation","No Major Violation"
"Doubtful","Minor Violation","No Major Violation"
"Doubtful","Minor Violation","No Major Violation"
"Doubtful","Minor Violation","No Major Violation"
"Doubtful","Minor Violation","No Major Violation"
"Doubtful","Minor Violation","No Major Violation"
"Doubtful","Minor Violation","No Major Violation"
"Doubtful","Minor Violation","No Major Violation"
"Doubtful","Minor Violation","No Major Violation"
"Doubtful","Minor Violation","No Major Violation"
"Doubtful","Minor Violation","No Major Violation"
"Doubtful","Minor Violation","No Major Violation"
"Doubtful","Minor Violation","No Major Violation"
"Doubtful","Minor Violation","No Major Violation"
"Doubtful","Minor Violation","No Major Violation"
"Doubtful","Minor Violation","No Major Violation"
"Doubtful","Minor Violation","No Major Violation"
"Doubtful","Minor Violation","No Major Violation"
"Doubtful","Minor Violation","No Major Violation"
"Doubtful","Minor Violation","No Major Violation"
"Doubtful","Minor Violation","No Major Violation"
"Doubtful","Minor Violation","No Major Violation"
"Doubtful","Minor Violation","No Major Violation"
"Doubtful","Minor Violation","No Major Violation"
"Doubtful","Minor Violation","No Major Violation"
"Doubtful","Minor Violation","No Major Violation"
"Doubtful","Minor Violation","No Major Violation"
"Doubtful","Minor Violation","No Major Violation"
"Doubtful","Minor Violation","No Major Violation"
"Doubtful","Minor Violation","No Major Violation"
"Doubtful","Minor Violation","No Major Violation"
"Doubtful","Minor Violation","No Major Violation"
"Doubtful","Minor Violation","No Major Violation"
"Doubtful","Minor Violation","No Major Violation"
"Doubtful","Minor Violation","No Major Violation"
"Doubtful","Minor Violation","No Major Violation"
"Doubtful","Minor Violation","No Major Violation"
"Doubtful","Minor Violation","No Major Violation"
"Doubtful","Minor Violation","No Major Violation"
"Doubtful","Minor Violation","No Major Violation"
"Doubtful","Minor Violation","No Major Violation"
"Doubtful","Minor Violation","No Major Violation"
"Doubtful","Minor Violation","No Major Violation"
"Doubtful","Minor Violation","No Major Violation"
"Doubtful","Minor Violation","No Major Violation"
"Doubtful","Minor Violation","No Major Violation"
"Doubtful","Minor Violation","No Major Violation"
"Doubtful","Minor Violation","No Major Violation"
"Doubtful","Minor Violation","No Major Violation"
"Doubtful","Minor Violation","No Major Violation"
"Doubtful","Minor Violation","No Major Violation"
"Doubtful","Minor Violation","No Major Violation"
"Doubtful","Minor Violation","No Major Violation"
"Doubtful","Minor Violation","No Major Violation"
"Doubtful","Minor Violation","No Major Violation"
"Doubtful","Minor Violation","No Major Violation"
"Doubtful","Minor Violation","No Major Violation"
"Doubtful","Minor Violation","No Major Violation"
"Doubtful","Minor Violation","No Major Violation"
"Doubtful","Minor Violation","No Major Violation"
"Doubtful","Minor Violation","No Major Violation"
"Doubtful","Minor Violation","No Major Violation"
"Doubtful","Minor Violation","No Major Violation"
"Doubtful","Minor Violation","No Major Violation"
"Doubtful","Minor Violation","No Major Violation"
"Doubtful","Minor Violation","No Major Violation"
"Doubtful","Minor Violation","No Major Violation"
"Doubtful","Minor Violation","No Major Violation"
"Doubtful","Minor Violation","No Major Violation"
"Doubtful","Minor Violation","No Major Violation"
"Doubtful","Minor Violation","No Major Violation"
"Doubtful","Minor Violation","No Major Violation"
"Doubtful","Minor Violation","No Major Violation"
"Doubtful","Minor Violation","No Major Violation"
"Doubtful","Minor Violation","No Major Violation"
"Doubtful","Minor Violation","No Major Violation"
"Doubtful","Minor Violation","No Major Violation"
"Doubtful","Minor Violation","No Major Violation"
"Doubtful","Minor Violation","No Major Violation"
"Doubtful","Minor Violation","No Major Violation"
"Doubtful","Minor Violation","No Major Violation"
"Doubtful","Minor Violation","No Major Violation"
"Doubtful","Minor Violation","No Major Violation"
"Doubtful","Minor Violation","No Major Violation"
"Doubtful","Minor Violation","No Major Violation"
"Doubtful","Minor Violation","No Major Violation"
"Doubtful","Minor Violation","No Major Violation"
"Doubtful","Minor Violation","No Major Violation"
"Doubtful","Minor Violation","No Major Violation"
"Doubtful","Minor Violation","No Major Violation"
"Doubtful","Minor Violation","No Major Violation"
"Doubtful","Minor Violation","No Major Violation"
"Doubtful","Minor Violation","No Major Violation"
"Doubtful","Minor Violation","No Major Violation"
"Doubtful","Minor Violation","No Major Violation"
"Doubtful","Major Violation","Major Violation"
"Doubtful","Major Violation","Major Violation"
"Doubtful","Major Violation","Major Violation"
"Doubtful","Major Violation","Major Violation"
"Doubtful","Major Violation","Major Violation"
"Doubtful","Major Violation","Major Violation"
"Doubtful","Major Violation","Major Violation"
"Doubtful","Major Violation","Major Violation"
"Doubtful","Major Violation","Major Violation"
"Doubtful","Major Violation","Major Violation"
"Doubtful","Major Violation","Major Violation"
"Doubtful","Major Violation","Major Violation"
"Doubtful","Major Violation","Major Violation"
"Doubtful","Major Violation","Major Violation"
"Doubtful","Major Violation","Major Violation"
"Doubtful","Major Violation","Major Violation"
"Doubtful","Major Violation","Major Violation"
"Doubtful","Major Violation","Major Violation"
"Doubtful","Major Violation","Major Violation"
"Doubtful","Major Violation","Major Violation"
"Doubtful","Major Violation","Major Violation"
"Doubtful","Major Violation","Major Violation"
"Doubtful","Major Violation","Major Violation"
"Doubtful","Major Violation","Major Violation"
"Doubtful","Major Violation","Major Violation"
"Doubtful","Major Violation","Major Violation"
"Doubtful","Major Violation","Major Violation"
"Doubtful","Major Violation","Major Violation"
"Doubtful","Major Violation","Major Violation"
"Doubtful","Major Violation","Major Violation"
"Doubtful","Major Violation","Major Violation"
"Doubtful","Major Violation","Major Violation"
"Doubtful","Major Violation","Major Violation"
"Doubtful","Major Violation","Major Violation"
"Doubtful","Major Violation","Major Violation"
"Doubtful","Major Violation","Major Violation"
"Doubtful","Major Violation","Major Violation"
"Doubtful","Major Violation","Major Violation"
"Doubtful","Major Violation","Major Violation"
"Doubtful","Major Violation","Major Violation"
"Doubtful","Major Violation","Major Violation"
"Doubtful","Major Violation","Major Violation"
"Doubtful","Major Violation","Major Violation"
"Doubtful","Major Violation","Major Violation"
"Doubtful","Major Violation","Major Violation"
"Doubtful","Major Violation","Major Violation"
"Doubtful","Major Violation","Major Violation"
"Doubtful","Major Violation","Major Violation"
"Doubtful","Major Violation","Major Violation"
"Doubtful","Major Violation","Major Violation"
"Doubtful","Major Violation","Major Violation"
"Doubtful","Major Violation","Major Violation"
"Doubtful","Major Violation","Major Violation"
"Doubtful","Major Violation","Major Violation"
"Doubtful","Major Violation","Major Violation"
"Doubtful","Major Violation","Major Violation"
"Doubtful","Major Violation","Major Violation"
"Doubtful","Major Violation","Major Violation"
"Doubtful","Major Violation","Major Violation"
"Doubtful","Major Violation","Major Violation"
"Doubtful","Major Violation","Major Violation"
"Doubtful","Major Violation","Major Violation"
"Doubtful","Major Violation","Major Violation"
"Doubtful","Major Violation","Major Violation"
"Doubtful","Major Violation","Major Violation"
"Doubtful","Major Violation","Major Violation"
"Doubtful","Major Violation","Major Violation"
"Doubtful","Major Violation","Major Violation"
"Doubtful","Major Violation","Major Violation"
"Doubtful","Major Violation","Major Violation"
"Doubtful","Major Violation","Major Violation"
"Doubtful","Major Violation","Major Violation"
"Doubtful","Major Violation","Major Violation"
"Doubtful","Major Violation","Major Violation"
"Doubtful","Major Violation","Major Violation"
"Doubtful","Major Violation","Major Violation"
"Doubtful","Major Violation","Major Violation"
"Doubtful","Major Violation","Major Violation"
"Doubtful","Major Violation","Major Violation"
"Doubtful","Major Violation","Major Violation"
"Doubtful","Major Violation","Major Violation"
"Doubtful","Major Violation","Major Violation"
"Doubtful","Major Violation","Major Violation"
"Doubtful","Major Violation","Major Violation"
"Doubtful","Major Violation","Major Violation"
"Doubtful","Major Violation","Major Violation"
"Doubtful","Major Violation","Major Violation"
"Doubtful","Major Violation","Major Violation"
"Doubtful","Major Violation","Major Violation"
"Doubtful","Major Violation","Major Violation"
"Doubtful","Major Violation","Major Violation"
"Doubtful","Major Violation","Major Violation"
"Doubtful","Major Violation","Major Violation"
"Doubtful","Major Violation","Major Violation"
"Doubtful","Major Violation","Major Violation"
"Doubtful","Major Violation","Major Violation"
"Doubtful","Major Violation","Major Violation"
"Doubtful","Major Violation","Major Violation"
"Doubtful","Major Violation","Major Violation"
"Doubtful","Major Violation","Major Violation"
"Doubtful","Major Violation","Major Violation"
"Doubtful","Major Violation","Major Violation"
"Doubtful","Major Violation","Major Violation"
"Doubtful","Major Violation","Major Violation"
"Doubtful","Major Violation","Major Violation"
"Doubtful","Major Violation","Major Violation"
"Doubtful","Major Violation","Major Violation"
"Doubtful","Major Violation","Major Violation"
"Doubtful","Major Violation","Major Violation"
"Doubtful","Major Violation","Major Violation"
"Doubtful","Major Violation","Major Violation"
"Doubtful","Major Violation","Major Violation"
"Doubtful","Major Violation","Major Violation"
"Doubtful","Major Violation","Major Violation"
"Doubtful","Major Violation","Major Violation"
"Doubtful","Major Violation","Major Violation"
"Doubtful","Major Violation","Major Violation"
"Doubtful","Major Violation","Major Violation"
"Doubtful","Major Violation","Major Violation"
"Doubtful","Major Violation","Major Violation"
"Doubtful","Major Violation","Major Violation"
"Doubtful","Major Violation","Major Violation"
"Doubtful","Major Violation","Major Violation"
"Doubtful","Major Violation","Major Violation"
"Doubtful","Major Violation","Major Violation"
"Doubtful","Major Violation","Major Violation"
"Doubtful","Major Violation","Major Violation"
"Doubtful","Major Violation","Major Violation"
"Doubtful","Major Violation","Major Violation"
"Doubtful","Major Violation","Major Violation"
"Doubtful","Major Violation","Major Violation"
"Doubtful","Major Violation","Major Violation"
"Doubtful","Major Violation","Major Violation"
"Doubtful","Major Violation","Major Violation"
"Doubtful","Major Violation","Major Violation"
"Doubtful","Major Violation","Major Violation"
"Doubtful","Major Violation","Major Violation"
"Doubtful","Major Violation","Major Violation"
"Doubtful","Major Violation","Major Violation"
"Doubtful","Major Violation","Major Violation"
"Doubtful","Major Violation","Major Violation"
"Doubtful","Major Violation","Major Violation"
"Doubtful","Major Violation","Major Violation"
"Doubtful","Major Violation","Major Violation"
"Doubtful","Major Violation","Major Violation"
"Doubtful","Major Violation","Major Violation"
"Doubtful","Major Violation","Major Violation"
"Doubtful","Major Violation","Major Violation"
"Doubtful","Major Violation","Major Violation"
"Doubtful","Major Violation","Major Violation"
"Doubtful","Major Violation","Major Violation"
"Doubtful","Major Violation","Major Violation"
"Doubtful","Major Violation","Major Violation"
"Doubtful","Major Violation","Major Violation"
"Doubtful","Major Violation","Major Violation"
"Doubtful","Major Violation","Major Violation"
"Doubtful","Major Violation","Major Violation"
"Doubtful","Major Violation","Major Violation"
"Doubtful","Major Violation","Major Violation"
"Doubtful","Major Violation","Major Violation"
"Doubtful","Major Violation","Major Violation"
"Doubtful","Major Violation","Major Violation"
"Doubtful","Major Violation","Major Violation"
"Doubtful","Major Violation","Major Violation"
"Doubtful","Major Violation","Major Violation"
"Doubtful","Major Violation","Major Violation"
"Doubtful","Major Violation","Major Violation"
"Doubtful","Major Violation","Major Violation"
"Doubtful","Major Violation","Major Violation"
"Doubtful","Major Violation","Major Violation"
"Doubtful","Major Violation","Major Violation"
"Doubtful","Major Violation","Major Violation"
"Doubtful","Major Violation","Major Violation"
"Doubtful","Major Violation","Major Violation"
"Doubtful","Major Violation","Major Violation"
"Doubtful","Major Violation","Major Violation"
"Doubtful","Major Violation","Major Violation"
"Doubtful","Major Violation","Major Violation"
"Doubtful","Major Violation","Major Violation"
"Doubtful","Major Violation","Major Violation"
"Doubtful","Major Violation","Major Violation"
"Doubtful","Major Violation","Major Violation"
"Doubtful","Major Violation","Major Violation"
"Doubtful","Major Violation","Major Violation"
"Doubtful","Major Violation","Major Violation"
"Doubtful","Major Violation","Major Violation"
"Doubtful","Major Violation","Major Violation"
"Doubtful","Major Violation","Major Violation"
"Doubtful","Major Violation","Major Violation"
"Doubtful","Major Violation","Major Violation"
"Doubtful","Major Violation","Major Violation"
"Doubtful","Major Violation","Major Violation"
"Doubtful","Major Violation","Major Violation"
"Doubtful","Major Violation","Major Violation"
"Doubtful","Major Violation","Major Violation"
"Favorable","Favorable","No Major Violation"
"Favorable","Favorable","No Major Violation"
"Favorable","Favorable","No Major Violation"
"Favorable","Favorable","No Major Violation"
"Favorable","Favorable","No Major Violation"
"Favorable","Favorable","No Major Violation"
"Favorable","Favorable","No Major Violation"
"Favorable","Favorable","No Major Violation"
"Favorable","Favorable","No Major Violation"
"Favorable","Favorable","No Major Violation"
"Favorable","Favorable","No Major Violation"
"Favorable","Favorable","No Major Violation"
"Favorable","Favorable","No Major Violation"
"Favorable","Favorable","No Major Violation"
"Favorable","Favorable","No Major Violation"
"Favorable","Favorable","No Major Violation"
"Favorable","Favorable","No Major Violation"
"Favorable","Favorable","No Major Violation"
"Favorable","Favorable","No Major Violation"
"Favorable","Favorable","No Major Violation"
"Favorable","Favorable","No Major Violation"
"Favorable","Favorable","No Major Violation"
"Favorable","Favorable","No Major Violation"
"Favorable","Favorable","No Major Violation"
"Favorable","Favorable","No Major Violation"
"Favorable","Favorable","No Major Violation"
"Favorable","Favorable","No Major Violation"
"Favorable","Favorable","No Major Violation"
"Favorable","Favorable","No Major Violation"
"Favorable","Favorable","No Major Violation"
"Favorable","Favorable","No Major Violation"
"Favorable","Favorable","No Major Violation"
"Favorable","Favorable","No Major Violation"
"Favorable","Favorable","No Major Violation"
"Favorable","Favorable","No Major Violation"
"Favorable","Favorable","No Major Violation"
"Favorable","Favorable","No Major Violation"
"Favorable","Favorable","No Major Violation"
"Favorable","Favorable","No Major Violation"
"Favorable","Favorable","No Major Violation"
"Favorable","Favorable","No Major Violation"
"Favorable","Favorable","No Major Violation"
"Favorable","Favorable","No Major Violation"
"Favorable","Favorable","No Major Violation"
"Favorable","Favorable","No Major Violation"
"Favorable","Favorable","No Major Violation"
"Favorable","Favorable","No Major Violation"
"Favorable","Favorable","No Major Violation"
"Favorable","Favorable","No Major Violation"
"Favorable","Favorable","No Major Violation"
"Favorable","Favorable","No Major Violation"
"Favorable","Favorable","No Major Violation"
"Favorable","Favorable","No Major Violation"
"Favorable","Favorable","No Major Violation"
"Favorable","Favorable","No Major Violation"
"Favorable","Favorable","No Major Violation"
"Favorable","Favorable","No Major Violation"
"Favorable","Favorable","No Major Violation"
"Favorable","Favorable","No Major Violation"
"Favorable","Favorable","No Major Violation"
"Favorable","Favorable","No Major Violation"
"Favorable","Favorable","No Major Violation"
"Favorable","Favorable","No Major Violation"
"Favorable","Favorable","No Major Violation"
"Favorable","Favorable","No Major Violation"
"Favorable","Favorable","No Major Violation"
"Favorable","Favorable","No Major Violation"
"Favorable","Favorable","No Major Violation"
"Favorable","Favorable","No Major Violation"
"Favorable","Favorable","No Major Violation"
"Favorable","Favorable","No Major Violation"
"Favorable","Favorable","No Major Violation"
"Favorable","Favorable","No Major Violation"
"Favorable","Favorable","No Major Violation"
"Favorable","Favorable","No Major Violation"
"Favorable","Favorable","No Major Violation"
"Favorable","Favorable","No Major Violation"
"Favorable","Favorable","No Major Violation"
"Favorable","Favorable","No Major Violation"
"Favorable","Favorable","No Major Violation"
"Favorable","Favorable","No Major Violation"
"Favorable","Favorable","No Major Violation"
"Favorable","Favorable","No Major Violation"
"Favorable","Favorable","No Major Violation"
"Favorable","Favorable","No Major Violation"
"Favorable","Favorable","No Major Violation"
"Favorable","Favorable","No Major Violation"
"Favorable","Favorable","No Major Violation"
"Favorable","Favorable","No Major Violation"
"Favorable","Favorable","No Major Violation"
"Favorable","Favorable","No Major Violation"
"Favorable","Favorable","No Major Violation"
"Favorable","Favorable","No Major Violation"
"Favorable","Favorable","No Major Violation"
"Favorable","Favorable","No Major Violation"
"Favorable","Favorable","No Major Violation"
"Favorable","Favorable","No Major Violation"
"Favorable","Favorable","No Major Violation"
"Favorable","Favorable","No Major Violation"
"Favorable","Favorable","No Major Violation"
"Favorable","Favorable","No Major Violation"
"Favorable","Favorable","No Major Violation"
"Favorable","Favorable","No Major Violation"
"Favorable","Favorable","No Major Violation"
"Favorable","Favorable","No Major Violation"
"Favorable","Favorable","No Major Violation"
"Favorable","Favorable","No Major Violation"
"Favorable","Favorable","No Major Violation"
"Favorable","Favorable","No Major Violation"
"Favorable","Favorable","No Major Violation"
"Favorable","Favorable","No Major Violation"
"Favorable","Favorable","No Major Violation"
"Favorable","Favorable","No Major Violation"
"Favorable","Favorable","No Major Violation"
"Favorable","Favorable","No Major Violation"
"Favorable","Favorable","No Major Violation"
"Favorable","Favorable","No Major Violation"
"Favorable","Favorable","No Major Violation"
"Favorable","Favorable","No Major Violation"
"Favorable","Favorable","No Major Violation"
"Favorable","Favorable","No Major Violation"
"Favorable","Favorable","No Major Violation"
"Favorable","Favorable","No Major Violation"
"Favorable","Favorable","No Major Violation"
"Favorable","Favorable","No Major Violation"
"Favorable","Favorable","No Major Violation"
"Favorable","Favorable","No Major Violation"
"Favorable","Favorable","No Major Violation"
"Favorable","Favorable","No Major Violation"
"Favorable","Favorable","No Major Violation"
"Favorable","Favorable","No Major Violation"
"Favorable","Favorable","No Major Violation"
"Favorable","Favorable","No Major Violation"
"Favorable","Favorable","No Major Violation"
"Favorable","Favorable","No Major Violation"
"Favorable","Favorable","No Major Violation"
"Favorable","Favorable","No Major Violation"
"Favorable","Favorable","No Major Violation"
"Favorable","Favorable","No Major Violation"
"Favorable","Favorable","No Major Violation"
"Favorable","Favorable","No Major Violation"
"Favorable","Favorable","No Major Violation"
"Favorable","Favorable","No Major Violation"
"Favorable","Favorable","No Major Violation"
"Favorable","Favorable","No Major Violation"
"Favorable","Favorable","No Major Violation"
"Favorable","Favorable","No Major Violation"
"Favorable","Favorable","No Major Violation"
"Favorable","Favorable","No Major Violation"
"Favorable","Favorable","No Major Violation"
"Favorable","Favorable","No Major Violation"
"Favorable","Favorable","No Major Violation"
"Favorable","Favorable","No Major Violation"
"Favorable","Favorable","No Major Violation"
"Favorable","Favorable","No Major Violation"
"Favorable","Favorable","No Major Violation"
"Favorable","Favorable","No Major Violation"
"Favorable","Favorable","No Major Violation"
"Favorable","Favorable","No Major Violation"
"Favorable","Favorable","No Major Violation"
"Favorable","Favorable","No Major Violation"
"Favorable","Favorable","No Major Violation"
"Favorable","Favorable","No Major Violation"
"Favorable","Favorable","No Major Violation"
"Favorable","Favorable","No Major Violation"
"Favorable","Favorable","No Major Violation"
"Favorable","Favorable","No Major Violation"
"Favorable","Favorable","No Major Violation"
"Favorable","Favorable","No Major Violation"
"Favorable","Favorable","No Major Violation"
"Favorable","Favorable","No Major Violation"
"Favorable","Favorable","No Major Violation"
"Favorable","Favorable","No Major Violation"
"Favorable","Favorable","No Major Violation"
"Favorable","Favorable","No Major Violation"
"Favorable","Favorable","No Major Violation"
"Favorable","Favorable","No Major Violation"
"Favorable","Favorable","No Major Violation"
"Favorable","Favorable","No Major Violation"
"Favorable","Favorable","No Major Violation"
"Favorable","Favorable","No Major Violation"
"Favorable","Favorable","No Major Violation"
"Favorable","Favorable","No Major Violation"
"Favorable","Favorable","No Major Violation"
"Favorable","Favorable","No Major Violation"
"Favorable","Favorable","No Major Violation"
"Favorable","Favorable","No Major Violation"
"Favorable","Favorable","No Major Violation"
"Favorable","Favorable","No Major Violation"
"Favorable","Favorable","No Major Violation"
"Favorable","Favorable","No Major Violation"
"Favorable","Favorable","No Major Violation"
"Favorable","Favorable","No Major Violation"
"Favorable","Favorable","No Major Violation"
"Favorable","Favorable","No Major Violation"
"Favorable","Favorable","No Major Violation"
"Favorable","Favorable","No Major Violation"
"Favorable","Favorable","No Major Violation"
"Favorable","Favorable","No Major Violation"
"Favorable","Favorable","No Major Violation"
"Favorable","Favorable","No Major Violation"
"Favorable","Favorable","No Major Violation"
"Favorable","Favorable","No Major Violation"
"Favorable","Favorable","No Major Violation"
"Favorable","Favorable","No Major Violation"
"Favorable","Favorable","No Major Violation"
"Favorable","Favorable","No Major Violation"
"Favorable","Favorable","No Major Violation"
"Favorable","Favorable","No Major Violation"
"Favorable","Favorable","No Major Violation"
"Favorable","Favorable","No Major Violation"
"Favorable","Favorable","No Major Violation"
"Favorable","Favorable","No Major Violation"
"Favorable","Favorable","No Major Violation"
"Favorable","Favorable","No Major Violation"
"Favorable","Favorable","No Major Violation"
"Favorable","Favorable","No Major Violation"
"Favorable","Favorable","No Major Violation"
"Favorable","Favorable","No Major Violation"
"Favorable","Favorable","No Major Violation"
"Favorable","Favorable","No Major Violation"
"Favorable","Favorable","No Major Violation"
"Favorable","Favorable","No Major Violation"
"Favorable","Favorable","No Major Violation"
"Favorable","Favorable","No Major Violation"
"Favorable","Favorable","No Major Violation"
"Favorable","Favorable","No Major Violation"
"Favorable","Favorable","No Major Violation"
"Favorable","Favorable","No Major Violation"
"Favorable","Favorable","No Major Violation"
"Favorable","Favorable","No Major Violation"
"Favorable","Favorable","No Major Violation"
"Favorable","Favorable","No Major Violation"
"Favorable","Favorable","No Major Violation"
"Favorable","Favorable","No Major Violation"
"Favorable","Favorable","No Major Violation"
"Favorable","Favorable","No Major Violation"
"Favorable","Favorable","No Major Violation"
"Favorable","Favorable","No Major Violation"
"Favorable","Favorable","No Major Violation"
"Favorable","Favorable","No Major Violation"
"Favorable","Favorable","No Major Violation"
"Favorable","Favorable","No Major Violation"
"Favorable","Favorable","No Major Violation"
"Favorable","Favorable","No Major Violation"
"Favorable","Favorable","No Major Violation"
"Favorable","Favorable","No Major Violation"
"Favorable","Favorable","No Major Violation"
"Favorable","Favorable","No Major Violation"
"Favorable","Favorable","No Major Violation"
"Favorable","Favorable","No Major Violation"
"Favorable","Favorable","No Major Violation"
"Favorable","Favorable","No Major Violation"
"Favorable","Favorable","No Major Violation"
"Favorable","Favorable","No Major Violation"
"Favorable","Favorable","No Major Violation"
"Favorable","Favorable","No Major Violation"
"Favorable","Favorable","No Major Violation"
"Favorable","Favorable","No Major Violation"
"Favorable","Favorable","No Major Violation"
"Favorable","Favorable","No Major Violation"
"Favorable","Favorable","No Major Violation"
"Favorable","Favorable","No Major Violation"
"Favorable","Favorable","No Major Violation"
"Favorable","Favorable","No Major Violation"
"Favorable","Favorable","No Major Violation"
"Favorable","Favorable","No Major Violation"
"Favorable","Favorable","No Major Violation"
"Favorable","Favorable","No Major Violation"
"Favorable","Favorable","No Major Violation"
"Favorable","Favorable","No Major Violation"
"Favorable","Favorable","No Major Violation"
"Favorable","Favorable","No Major Violation"
"Favorable","Favorable","No Major Violation"
"Favorable","Favorable","No Major Violation"
"Favorable","Favorable","No Major Violation"
"Favorable","Favorable","No Major Violation"
"Favorable","Favorable","No Major Violation"
"Favorable","Favorable","No Major Violation"
"Favorable","Favorable","No Major Violation"
"Favorable","Favorable","No Major Violation"
"Favorable","Favorable","No Major Violation"
"Favorable","Favorable","No Major Violation"
"Favorable","Favorable","No Major Violation"
"Favorable","Favorable","No Major Violation"
"Favorable","Favorable","No Major Violation"
"Favorable","Favorable","No Major Violation"
"Favorable","Favorable","No Major Violation"
"Favorable","Favorable","No Major Violation"
"Favorable","Favorable","No Major Violation"
"Favorable","Favorable","No Major Violation"
"Favorable","Favorable","No Major Violation"
"Favorable","Favorable","No Major Violation"
"Favorable","Favorable","No Major Violation"
"Favorable","Favorable","No Major Violation"
"Favorable","Favorable","No Major Violation"
"Favorable","Favorable","No Major Violation"
"Favorable","Favorable","No Major Violation"
"Favorable","Favorable","No Major Violation"
"Favorable","Favorable","No Major Violation"
"Favorable","Favorable","No Major Violation"
"Favorable","Favorable","No Major Violation"
"Favorable","Favorable","No Major Violation"
"Favorable","Favorable","No Major Violation"
"Favorable","Favorable","No Major Violation"
"Favorable","Favorable","No Major Violation"
"Favorable","Favorable","No Major Violation"
"Favorable","Favorable","No Major Violation"
"Favorable","Favorable","No Major Violation"
"Favorable","Favorable","No Major Violation"
"Favorable","Favorable","No Major Violation"
"Favorable","Favorable","No Major Violation"
"Favorable","Favorable","No Major Violation"
"Favorable","Favorable","No Major Violation"
"Favorable","Favorable","No Major Violation"
"Favorable","Favorable","No Major Violation"
"Favorable","Favorable","No Major Violation"
"Favorable","Favorable","No Major Violation"
"Favorable","Favorable","No Major Violation"
"Favorable","Favorable","No Major Violation"
"Favorable","Favorable","No Major Violation"
"Favorable","Favorable","No Major Violation"
"Favorable","Favorable","No Major Violation"
"Favorable","Favorable","No Major Violation"
"Favorable","Favorable","No Major Violation"
"Favorable","Favorable","No Major Violation"
"Favorable","Favorable","No Major Violation"
"Favorable","Favorable","No Major Violation"
"Favorable","Favorable","No Major Violation"
"Favorable","Favorable","No Major Violation"
"Favorable","Favorable","No Major Violation"
"Favorable","Favorable","No Major Violation"
"Favorable","Favorable","No Major Violation"
"Favorable","Favorable","No Major Violation"
"Favorable","Favorable","No Major Violation"
"Favorable","Favorable","No Major Violation"
"Favorable","Favorable","No Major Violation"
"Favorable","Favorable","No Major Violation"
"Favorable","Favorable","No Major Violation"
"Favorable","Favorable","No Major Violation"
"Favorable","Favorable","No Major Violation"
"Favorable","Favorable","No Major Violation"
"Favorable","Favorable","No Major Violation"
"Favorable","Favorable","No Major Violation"
"Favorable","Favorable","No Major Violation"
"Favorable","Favorable","No Major Violation"
"Favorable","Favorable","No Major Violation"
"Favorable","Favorable","No Major Violation"
"Favorable","Favorable","No Major Violation"
"Favorable","Favorable","No Major Violation"
"Favorable","Favorable","No Major Violation"
"Favorable","Favorable","No Major Violation"
"Favorable","Favorable","No Major Violation"
"Favorable","Favorable","No Major Violation"
"Favorable","Favorable","No Major Violation"
"Favorable","Favorable","No Major Violation"
"Favorable","Favorable","No Major Violation"
"Favorable","Favorable","No Major Violation"
"Favorable","Favorable","No Major Violation"
"Favorable","Favorable","No Major Violation"
"Favorable","Favorable","No Major Violation"
"Favorable","Favorable","No Major Violation"
"Favorable","Favorable","No Major Violation"
"Favorable","Favorable","No Major Violation"
"Favorable","Favorable","No Major Violation"
"Favorable","Favorable","No Major Violation"
"Favorable","Favorable","No Major Violation"
"Favorable","Favorable","No Major Violation"
"Favorable","Favorable","No Major Violation"
"Favorable","Favorable","No Major Violation"
"Favorable","Favorable","No Major Violation"
"Favorable","Favorable","No Major Violation"
"Favorable","Favorable","No Major Violation"
"Favorable","Favorable","No Major Violation"
"Favorable","Favorable","No Major Violation"
"Favorable","Favorable","No Major Violation"
"Favorable","Favorable","No Major Violation"
"Favorable","Favorable","No Major Violation"
"Favorable","Favorable","No Major Violation"
"Favorable","Favorable","No Major Violation"
"Favorable","Favorable","No Major Violation"
"Favorable","Favorable","No Major Violation"
"Favorable","Favorable","No Major Violation"
"Favorable","Favorable","No Major Violation"
"Favorable","Favorable","No Major Violation"
"Favorable","Favorable","No Major Violation"
"Favorable","Favorable","No Major Violation"
"Favorable","Favorable","No Major Violation"
"Favorable","Favorable","No Major Violation"
"Favorable","Favorable","No Major Violation"
"Favorable","Favorable","No Major Violation"
"Favorable","Favorable","No Major Violation"
"Favorable","Favorable","No Major Violation"
"Favorable","Favorable","No Major Violation"
"Favorable","Favorable","No Major Violation"
"Favorable","Favorable","No Major Violation"
"Favorable","Favorable","No Major Violation"
"Favorable","Favorable","No Major Violation"
"Favorable","Favorable","No Major Violation"
"Favorable","Favorable","No Major Violation"
"Favorable","Favorable","No Major Violation"
"Favorable","Favorable","No Major Violation"
"Favorable","Favorable","No Major Violation"
"Favorable","Favorable","No Major Violation"
"Favorable","Favorable","No Major Violation"
"Favorable","Favorable","No Major Violation"
"Favorable","Favorable","No Major Violation"
"Favorable","Favorable","No Major Violation"
"Favorable","Favorable","No Major Violation"
"Favorable","Favorable","No Major Violation"
"Favorable","Favorable","No Major Violation"
"Favorable","Favorable","No Major Violation"
"Favorable","Favorable","No Major Violation"
"Favorable","Favorable","No Major Violation"
"Favorable","Favorable","No Major Violation"
"Favorable","Favorable","No Major Violation"
"Favorable","Favorable","No Major Violation"
"Favorable","Favorable","No Major Violation"
"Favorable","Favorable","No Major Violation"
"Favorable","Favorable","No Major Violation"
"Favorable","Favorable","No Major Violation"
"Favorable","Favorable","No Major Violation"
"Favorable","Favorable","No Major Violation"
"Favorable","Favorable","No Major Violation"
"Favorable","Favorable","No Major Violation"
"Favorable","Favorable","No Major Violation"
"Favorable","Favorable","No Major Violation"
"Favorable","Favorable","No Major Violation"
"Favorable","Favorable","No Major Violation"
"Favorable","Favorable","No Major Violation"
"Favorable","Favorable","No Major Violation"
"Favorable","Favorable","No Major Violation"
"Favorable","Favorable","No Major Violation"
"Favorable","Favorable","No Major Violation"
"Favorable","Favorable","No Major Violation"
"Favorable","Favorable","No Major Violation"
"Favorable","Favorable","No Major Violation"
"Favorable","Favorable","No Major Violation"
"Favorable","Favorable","No Major Violation"
"Favorable","Favorable","No Major Violation"
"Favorable","Favorable","No Major Violation"
"Favorable","Favorable","No Major Violation"
"Favorable","Favorable","No Major Violation"
"Favorable","Favorable","No Major Violation"
"Favorable","Favorable","No Major Violation"
"Favorable","Favorable","No Major Violation"
"Favorable","Favorable","No Major Violation"
"Favorable","Favorable","No Major Violation"
"Favorable","Favorable","No Major Violation"
"Favorable","Favorable","No Major Violation"
"Favorable","Favorable","No Major Violation"
"Favorable","Favorable","No Major Violation"
"Favorable","Minor Violation","No Major Violation"
"Favorable","Minor Violation","No Major Violation"
"Favorable","Minor Violation","No Major Violation"
"Favorable","Minor Violation","No Major Violation"
"Favorable","Minor Violation","No Major Violation"
"Favorable","Minor Violation","No Major Violation"
"Favorable","Minor Violation","No Major Violation"
"Favorable","Minor Violation","No Major Violation"
"Favorable","Minor Violation","No Major Violation"
"Favorable","Minor Violation","No Major Violation"
"Favorable","Minor Violation","No Major Violation"
"Favorable","Minor Violation","No Major Violation"
"Favorable","Minor Violation","No Major Violation"
"Favorable","Minor Violation","No Major Violation"
"Favorable","Minor Violation","No Major Violation"
"Favorable","Minor Violation","No Major Violation"
"Favorable","Minor Violation","No Major Violation"
"Favorable","Minor Violation","No Major Violation"
"Favorable","Minor Violation","No Major Violation"
"Favorable","Minor Violation","No Major Violation"
"Favorable","Minor Violation","No Major Violation"
"Favorable","Minor Violation","No Major Violation"
"Favorable","Minor Violation","No Major Violation"
"Favorable","Minor Violation","No Major Violation"
"Favorable","Minor Violation","No Major Violation"
"Favorable","Minor Violation","No Major Violation"
"Favorable","Minor Violation","No Major Violation"
"Favorable","Minor Violation","No Major Violation"
"Favorable","Minor Violation","No Major Violation"
"Favorable","Minor Violation","No Major Violation"
"Favorable","Minor Violation","No Major Violation"
"Favorable","Minor Violation","No Major Violation"
"Favorable","Minor Violation","No Major Violation"
"Favorable","Minor Violation","No Major Violation"
"Favorable","Minor Violation","No Major Violation"
"Favorable","Minor Violation","No Major Violation"
"Favorable","Minor Violation","No Major Violation"
"Favorable","Minor Violation","No Major Violation"
"Favorable","Minor Violation","No Major Violation"
"Favorable","Minor Violation","No Major Violation"
"Favorable","Minor Violation","No Major Violation"
"Favorable","Minor Violation","No Major Violation"
"Favorable","Minor Violation","No Major Violation"
"Favorable","Minor Violation","No Major Violation"
"Favorable","Minor Violation","No Major Violation"
"Favorable","Minor Violation","No Major Violation"
"Favorable","Minor Violation","No Major Violation"
"Favorable","Minor Violation","No Major Violation"
"Favorable","Minor Violation","No Major Violation"
"Favorable","Minor Violation","No Major Violation"
"Favorable","Minor Violation","No Major Violation"
"Favorable","Minor Violation","No Major Violation"
"Favorable","Minor Violation","No Major Violation"
"Favorable","Minor Violation","No Major Violation"
"Favorable","Minor Violation","No Major Violation"
"Favorable","Minor Violation","No Major Violation"
"Favorable","Minor Violation","No Major Violation"
"Favorable","Minor Violation","No Major Violation"
"Favorable","Minor Violation","No Major Violation"
"Favorable","Minor Violation","No Major Violation"
"Favorable","Minor Violation","No Major Violation"
"Favorable","Minor Violation","No Major Violation"
"Favorable","Minor Violation","No Major Violation"
"Favorable","Minor Violation","No Major Violation"
"Favorable","Minor Violation","No Major Violation"
"Favorable","Minor Violation","No Major Violation"
"Favorable","Minor Violation","No Major Violation"
"Favorable","Minor Violation","No Major Violation"
"Favorable","Minor Violation","No Major Violation"
"Favorable","Minor Violation","No Major Violation"
"Favorable","Minor Violation","No Major Violation"
"Favorable","Minor Violation","No Major Violation"
"Favorable","Minor Violation","No Major Violation"
"Favorable","Minor Violation","No Major Violation"
"Favorable","Minor Violation","No Major Violation"
"Favorable","Minor Violation","No Major Violation"
"Favorable","Minor Violation","No Major Violation"
"Favorable","Minor Violation","No Major Violation"
"Favorable","Minor Violation","No Major Violation"
"Favorable","Minor Violation","No Major Violation"
"Favorable","Minor Violation","No Major Violation"
"Favorable","Minor Violation","No Major Violation"
"Favorable","Minor Violation","No Major Violation"
"Favorable","Minor Violation","No Major Violation"
"Favorable","Minor Violation","No Major Violation"
"Favorable","Minor Violation","No Major Violation"
"Favorable","Minor Violation","No Major Violation"
"Favorable","Minor Violation","No Major Violation"
"Favorable","Minor Violation","No Major Violation"
"Favorable","Minor Violation","No Major Violation"
"Favorable","Minor Violation","No Major Violation"
"Favorable","Minor Violation","No Major Violation"
"Favorable","Minor Violation","No Major Violation"
"Favorable","Minor Violation","No Major Violation"
"Favorable","Minor Violation","No Major Violation"
"Favorable","Minor Violation","No Major Violation"
"Favorable","Minor Violation","No Major Violation"
"Favorable","Minor Violation","No Major Violation"
"Favorable","Minor Violation","No Major Violation"
"Favorable","Minor Violation","No Major Violation"
"Favorable","Major Violation","Major Violation"
"Favorable","Major Violation","Major Violation"
"Favorable","Major Violation","Major Violation"
"Favorable","Major Violation","Major Violation"
"Favorable","Major Violation","Major Violation"
"Favorable","Major Violation","Major Violation"
"Favorable","Major Violation","Major Violation"
"Favorable","Major Violation","Major Violation"
"Favorable","Major Violation","Major Violation"
"Favorable","Major Violation","Major Violation"
"Favorable","Major Violation","Major Violation"
"Favorable","Major Violation","Major Violation"
"Favorable","Major Violation","Major Violation"
"Favorable","Major Violation","Major Violation"
"Favorable","Major Violation","Major Violation"
"Favorable","Major Violation","Major Violation"
"Favorable","Major Violation","Major Violation"
"Favorable","Major Violation","Major Violation"
"Favorable","Major Violation","Major Violation"
"Favorable","Major Violation","Major Violation"
"Favorable","Major Violation","Major Violation"
"Favorable","Major Violation","Major Violation"
"Favorable","Major Violation","Major Violation"
"Favorable","Major Violation","Major Violation"
"Favorable","Major Violation","Major Violation"
"Favorable","Major Violation","Major Violation"
"Favorable","Major Violation","Major Violation"
"Favorable","Major Violation","Major Violation"
"Favorable","Major Violation","Major Violation"
"Favorable","Major Violation","Major Violation"
"Favorable","Major Violation","Major Violation"
"Favorable","Major Violation","Major Violation"
"Favorable","Major Violation","Major Violation"
"Favorable","Major Violation","Major Violation"
"Favorable","Major Violation","Major Violation"
"Favorable","Major Violation","Major Violation"
"Favorable","Major Violation","Major Violation"
"Favorable","Major Violation","Major Violation"
"Favorable","Major Violation","Major Violation"
"Favorable","Major Violation","Major Violation"
"Favorable","Major Violation","Major Violation"
"Favorable","Major Violation","Major Violation"
"Favorable","Major Violation","Major Violation"
"Favorable","Major Violation","Major Violation"
"Favorable","Major Violation","Major Violation"
"Favorable","Major Violation","Major Violation"
"Favorable","Major Violation","Major Violation"
"Favorable","Major Violation","Major Violation"
"Favorable","Major Violation","Major Violation"
"Favorable","Major Violation","Major Violation"
"Favorable","Major Violation","Major Violation"
"Favorable","Major Violation","Major Violation"
"Favorable","Major Violation","Major Violation"
"Favorable","Major Violation","Major Violation"
"Favorable","Major Violation","Major Violation"
"Favorable","Major Violation","Major Violation"
"Favorable","Major Violation","Major Violation"
"Favorable","Major Violation","Major Violation"
"Favorable","Major Violation","Major Violation"
"Favorable","Major Violation","Major Violation"
"Favorable","Major Violation","Major Violation"
"Favorable","Major Violation","Major Violation"
"Favorable","Major Violation","Major Violation"
"Favorable","Major Violation","Major Violation"
"Favorable","Major Violation","Major Violation"
